[
    {
      "id": 1,
      "nama": "Dumbbell",
      "material": "Besi",
      "warna": "Hitam",
      "berat": "5 Kg",
      "img" : "https://5.imimg.com/data5/KO/DN/MY-18579035/gym-dumble-500x500.jpg"
    },
    {
      "id": 2,
      "nama": "Barbell",
      "material": "Besi",
      "warna": "Perak",
      "berat": "20 Kg",
      "img" : "https://corlogam.id/wp-content/uploads/2022/07/BARBEL-Jreg.png"
    },
    {
      "id": 3,
      "nama": "Resistance Bands",
      "material": "Latex",
      "warna": "Merah",
      "berat": "0.5 kg",
      "img" : "https://encrypted-tbn0.gstatic.com/images?q=tbn:ANd9GcThO7JBbX0stk30CYQnEd3h3oyxse9CFzRG8g&s"
    },
    {
      "id": 4,
      "nama": "Kettlebell",
      "material": "Besi",
      "warna": "Hitam",
      "berat": "8 kg",
      "img" : "https://contents.mediadecathlon.com/p2720221/k$086ee6d4d8bd47bc8d3bc0c7cbee6515/kettlebell-cast-iron-dengan-rubber-base-20-kg-corength-8354819.jpg?f=1920x0&format=auto"
    },
    {
      "id": 5,
      "nama": "Pull-Up Bar",
      "material": "Besi",
      "warna": "Hitam",
      "berat": "3 kg",
      "img" : "https://www.genetixfitness.id/cdn/shop/products/GENETIXWallPullUpBar1.0_grande.jpg?v=1617940520"
    }
]